,Kernel,Training Score,Test Score,Running Time
0,rbf,0.8359428182437032,0.5239795918367347,5.998882
1,sigmoid,0.4543907420013615,0.4403061224489796,1.474352
